Workbook

Sheet Summary
A1: calibre_review on loc-test: Ollama qwen3.5:4b vs Azure gpt-5.4-nano
A2: All figures below are formulas over the 'Run Metrics' and 'Compare Models' sheets. Blue = Ollama, orange = Azure in every chart.
A4: 1. Run performance (522 books per run)
A5: Metric | B5: Ollama qwen3.5:4b | C5: Azure gpt-5.4-nano | D5: Azure vs Ollama
A6: Wall-clock duration (min) | B6: ='Run Metrics'!G2/60 -> 32.021667 | C6: ='Run Metrics'!G3/60 -> 32.691667 | D6: =IFERROR(C6/B6-1,"n/a") -> 0.020923333
A7: Time spent in AI calls (min) | B7: ='Run Metrics'!H2/60 -> 24.548333 | C7: ='Run Metrics'!H3/60 -> 26.288333 | D7: =IFERROR(C7/B7-1,"n/a") -> 0.070880576
A8: Non-AI overhead (min) | B8: =('Run Metrics'!G2-'Run Metrics'!H2)/60 -> 7.4733333 | C8: =('Run Metrics'!G3-'Run Metrics'!H3)/60 -> 6.4033333 | D8: =IFERROR(C8/B8-1,"n/a") -> -0.14317574
A9: Books per minute | B9: ='Run Metrics'!E2/('Run Metrics'!G2/60) -> 16.301463 | C9: ='Run Metrics'!E3/('Run Metrics'!G3/60) -> 15.967372 | D9: =IFERROR(C9/B9-1,"n/a") -> -0.02049452
A10: AI calls | B10: ='Run Metrics'!I2 -> 522 | C10: ='Run Metrics'!I3 -> 543 | D10: =IFERROR(C10/B10-1,"n/a") -> 0.040229885
A11: Successful calls | B11: ='Run Metrics'!K2 -> 522 | C11: ='Run Metrics'!K3 -> 522 | D11: =IFERROR(C11/B11-1,"n/a") -> 0
A12: Failed calls (content filter) | B12: ='Run Metrics'!L2 -> 0 | C12: ='Run Metrics'!L3 -> 21 | D12: n/a
A13: Failure rate | B13: ='Run Metrics'!L2/'Run Metrics'!I2 -> 0 | C13: ='Run Metrics'!L3/'Run Metrics'!I3 -> 0.038674033 | D13: n/a
A14: Call time: min (s) | B14: ='Run Metrics'!O2 -> 1.4 | C14: ='Run Metrics'!O3 -> 1.65 | D14: =IFERROR(C14/B14-1,"n/a") -> 0.17857143
A15: Call time: median (s) | B15: ='Run Metrics'!P2 -> 2.81 | C15: ='Run Metrics'!P3 -> 2.82 | D15: =IFERROR(C15/B15-1,"n/a") -> 0.0035587189
A16: Call time: mean (s) | B16: ='Run Metrics'!Q2 -> 2.82 | C16: ='Run Metrics'!Q3 -> 2.9 | D16: =IFERROR(C16/B16-1,"n/a") -> 0.028368794
A17: Call time: p95 (s) | B17: ='Run Metrics'!R2 -> 3.29 | C17: ='Run Metrics'!R3 -> 3.58 | D17: =IFERROR(C17/B17-1,"n/a") -> 0.088145897
A18: Call time: max (s) | B18: ='Run Metrics'!S2 -> 8.15 | C18: ='Run Metrics'!S3 -> 4.06 | D18: =IFERROR(C18/B18-1,"n/a") -> -0.50184049
A19: Input tokens | B19: ='Run Metrics'!T2 -> 1837099 | C19: ='Run Metrics'!T3 -> 1748695 | D19: =IFERROR(C19/B19-1,"n/a") -> -0.048121522
A20: Output tokens | B20: ='Run Metrics'!U2 -> 28132 | C20: ='Run Metrics'!U3 -> 26745 | D20: =IFERROR(C20/B20-1,"n/a") -> -0.049303285
A21: Total tokens | B21: ='Run Metrics'!T2+'Run Metrics'!U2+'Run Metrics'!V2 -> 1865231 | C21: ='Run Metrics'!T3+'Run Metrics'!U3+'Run Metrics'!V3 -> 1775440 | D21: =IFERROR(C21/B21-1,"n/a") -> -0.048139346
A22: Reasoning tokens | B22: ='Run Metrics'!V2 -> 0 | C22: ='Run Metrics'!V3 -> 0 | D22: n/a
A23: Azure vs Ollama = Azure / Ollama - 1 (negative = Azure lower). Fewer/lower is better for time, calls and tokens.
A26: 2. Accuracy on the injected errors (rows where field is not 'other')
A27: Outcome | B27: Ollama qwen3.5:4b | C27: Azure gpt-5.4-nano | D27: Azure - Ollama
A28: fixed | B28: =COUNTIFS('Compare Models'!$B$2:$B$255,"<>other",'Compare Models'!$F$2:$F$255,$A28) -> 23 | C28: =COUNTIFS('Compare Models'!$B$2:$B$255,"<>other",'Compare Models'!$H$2:$H$255,$A28) -> 25 | D28: =C28-B28 -> 2
A29: flagged, other value | B29: =COUNTIFS('Compare Models'!$B$2:$B$255,"<>other",'Compare Models'!$F$2:$F$255,$A29) -> 8 | C29: =COUNTIFS('Compare Models'!$B$2:$B$255,"<>other",'Compare Models'!$H$2:$H$255,$A29) -> 7 | D29: =C29-B29 -> -1
A30: ignored (by design) | B30: =COUNTIFS('Compare Models'!$B$2:$B$255,"<>other",'Compare Models'!$F$2:$F$255,$A30) -> 11 | C30: =COUNTIFS('Compare Models'!$B$2:$B$255,"<>other",'Compare Models'!$H$2:$H$255,$A30) -> 11 | D30: =C30-B30 -> 0
A31: metadata also wrong | B31: =COUNTIFS('Compare Models'!$B$2:$B$255,"<>other",'Compare Models'!$F$2:$F$255,$A31) -> 10 | C31: =COUNTIFS('Compare Models'!$B$2:$B$255,"<>other",'Compare Models'!$H$2:$H$255,$A31) -> 10 | D31: =C31-B31 -> 0
A32: ok, nothing proposed | B32: =COUNTIFS('Compare Models'!$B$2:$B$255,"<>other",'Compare Models'!$F$2:$F$255,$A32) -> 6 | C32: =COUNTIFS('Compare Models'!$B$2:$B$255,"<>other",'Compare Models'!$H$2:$H$255,$A32) -> 8 | D32: =C32-B32 -> 2
A33: correct, nothing proposed | B33: =COUNTIFS('Compare Models'!$B$2:$B$255,"<>other",'Compare Models'!$F$2:$F$255,$A33) -> 1 | C33: =COUNTIFS('Compare Models'!$B$2:$B$255,"<>other",'Compare Models'!$H$2:$H$255,$A33) -> 1 | D33: =C33-B33 -> 0
A34: FALSE ALARM | B34: =COUNTIFS('Compare Models'!$B$2:$B$255,"<>other",'Compare Models'!$F$2:$F$255,$A34) -> 4 | C34: =COUNTIFS('Compare Models'!$B$2:$B$255,"<>other",'Compare Models'!$H$2:$H$255,$A34) -> 2 | D34: =C34-B34 -> -2
A35: MISSED | B35: =COUNTIFS('Compare Models'!$B$2:$B$255,"<>other",'Compare Models'!$F$2:$F$255,$A35) -> 2 | C35: =COUNTIFS('Compare Models'!$B$2:$B$255,"<>other",'Compare Models'!$H$2:$H$255,$A35) -> 1 | D35: =C35-B35 -> -1
A36: Total injected rows | B36: =SUM(B28:B35) -> 65 | C36: =SUM(C28:C35) -> 65 | D36: =C36-B36 -> 0
A37: Wrong outcomes (FALSE ALARM + MISSED) | B37: =B34+B35 -> 6 | C37: =C34+C35 -> 3 | D37: =C37-B37 -> -3
A38: Wrong-outcome rate | B38: =B37/B36 -> 0.092307692 | C38: =C37/C36 -> 0.046153846 | D38: =C38-B38 -> -0.046153846
A39: Flagged but with a different value | B39: =B29 -> 8 | C39: =C29 -> 7 | D39: =C39-B39 -> -1
A40: 'ignored (by design)' and 'ok/correct, nothing proposed' are expected behaviours, not errors. Wrong-outcome counts only FALSE ALARM and MISSED.
A43: 3. 'Fixed' by field (authors and title errors)
A44: Field | B44: Ollama fixed | C44: Azure fixed | D44: Injected rows
A45: authors | B45: =COUNTIFS('Compare Models'!$B$2:$B$255,$A45,'Compare Models'!$F$2:$F$255,"fixed") -> 12 | C45: =COUNTIFS('Compare Models'!$B$2:$B$255,$A45,'Compare Models'!$H$2:$H$255,"fixed") -> 13 | D45: =COUNTIFS('Compare Models'!$B$2:$B$255,$A45) -> 20
A46: title | B46: =COUNTIFS('Compare Models'!$B$2:$B$255,$A46,'Compare Models'!$F$2:$F$255,"fixed") -> 11 | C46: =COUNTIFS('Compare Models'!$B$2:$B$255,$A46,'Compare Models'!$H$2:$H$255,"fixed") -> 12 | D46: =COUNTIFS('Compare Models'!$B$2:$B$255,$A46) -> 20
A49: 4. Extra proposals on non-injected books (field = 'other')
A50: Measure | B50: Ollama qwen3.5:4b | C50: Azure gpt-5.4-nano | D50: Azure - Ollama
A51: Books with a proposal | B51: =COUNTIFS('Compare Models'!$B$2:$B$255,"other",'Compare Models'!$F$2:$F$255,"proposal") -> 176 | C51: =COUNTIFS('Compare Models'!$B$2:$B$255,"other",'Compare Models'!$H$2:$H$255,"proposal") -> 122 | D51: =C51-B51 -> -54
A52: Books with no proposal | B52: =COUNTIF('Compare Models'!$B$2:$B$255,"other")-B51 -> 13 | C52: =COUNTIF('Compare Models'!$B$2:$B$255,"other")-C51 -> 67 | D52: =C52-B52 -> 54
A53: These books had no injected error; there is no ground truth here, so more proposals is not automatically better or worse.

Sheet Run Metrics
A1: started | B1: text_ai | C1: image_ai | D1: books | E1: books_done | F1: stopped | G1: duration_s | H1: ai_seconds | I1: calls | J1: books_with_ai | K1: calls_ok | L1: calls_failed | M1: failures | N1: not_stop_finish | O1: min_s | P1: median_s | Q1: mean_s | R1: p95_s | S1: max_s | T1: input_tokens | U1: output_tokens | V1: reasoning_tokens
A2: 46294.906 | B2: ollama:qwen3.5:4b | C2: ollama:qwen3.5:4b | D2: 522 | E2: 522 | F2: =FALSE() -> FALSE | G2: 1921.3 | H2: 1472.9 | I2: 522 | J2: 522 | K2: 522 | L2: 0 | N2: 0 | O2: 1.4 | P2: 2.81 | Q2: 2.82 | R2: 3.29 | S2: 8.15 | T2: 1837099 | U2: 28132 | V2: 0
A3: 46294.935 | B3: azure:gpt-5.4-nano | C3: azure:gpt-5.4-nano | D3: 522 | E3: 522 | F3: =FALSE() -> FALSE | G3: 1961.5 | H3: 1577.3 | I3: 543 | J3: 522 | K3: 522 | L3: 21 | M3: filtered=21 | N3: 0 | O3: 1.65 | P3: 2.82 | Q3: 2.9 | R3: 3.58 | S3: 4.06 | T3: 1748695 | U3: 26745 | V3: 0

Sheet Compare Models
A1: book_id | B1: field | C1: kind | D1: original | E1: wrong | F1: ollama:qwen3.5:4b result | G1: ollama:qwen3.5:4b proposed | H1: azure:gpt-5.4-nano result | I1: azure:gpt-5.4-nano proposed
A2: 550 | B2: authors | C2: typo | D2: Charles Sainte-Foi | E2: Charles Saintee-Foi | F2: fixed | G2: Charles Sainte-Foi | H2: fixed | I2: Charles Sainte-Foi
A3: 559 | B3: title | C3: other book | D3: Elements of the Theory and Practice of Chymistry, 5th ed. | E3: The Female Quixote; or, The Adventures of Arabella, v. 1-2 | F3: flagged, other value | G3: Elements of the Theory and Practice of Chymistry | H3: flagged, other value | I3: Elements of the Theory and Practice of Chymistry
A4: 563 | B4: title | C4: other book | D4: A Little Dinner at Timmins's | E4: Devereux — Volume 02 | F4: fixed | G4: A Little Dinner at Timmins's | H4: fixed | I4: A Little Dinner at Timmins's
A5: 566 | B5: title | C5: typo | D5: A System of Midwifery | E5: A Syste of Midwifery | F5: fixed | G5: A System of Midwifery | H5: fixed | I5: A System of Midwifery
A6: 568 | B6: series | C6: not a numbered series | E6: The Works [2] | F6: ignored (by design) | H6: ignored (by design)
A7: 581 | B7: authors | C7: unknown | D7: Duchess of Margaret Cavendish Newcastle | E7: Unknown | F7: flagged, other value | G7: Margaret Cavendish | H7: fixed | I7: Duchess of Margaret Cavendish Newcastle
A8: 593 | B8: title | C8: truncated | D8: Chasing the Sun | E8: Chasing | F8: fixed | G8: Chasing the Sun | H8: fixed | I8: Chasing the Sun
A9: 598 | B9: authors | C9: other book | D9: William Falconer | E9: T. S. Arthur | F9: fixed | G9: William Falconer | H9: fixed | I9: William Falconer
A10: 626 | B10: authors | C10: unknown | D10: Gervase Markham | E10: Unknown | F10: fixed | G10: Gervase Markham | H10: fixed | I10: Gervase Markham
A11: 627 | B11: authors | C11: unknown | D11: Charlotte Lennox | E11: Unknown | F11: fixed | G11: Charlotte Lennox | H11: fixed | I11: Charlotte Lennox
A12: 630 | B12: title | C12: typo | D12: Home Life in Russia, Volumes 1 and 2 / [Dead Souls] | E12: Home Life in Russia, Volumess 1 and 2 / [Dead Souls] | F12: flagged, other value | G12: Home Life in Russia | H12: flagged, other value | I12: Home Life in Russia, Volumes 1 and 2
A13: 633 | B13: authors | C13: surname first | D13: Wilhelm Hauff | E13: Hauff Wilhelm | F13: ignored (by design) | H13: ignored (by design)
A14: 634 | B14: authors | C14: unknown | D14: Frederick Marryat | E14: Unknown | F14: fixed | G14: Frederick Marryat | H14: fixed | I14: Frederick Marryat
A15: 634 | B15: title | C15: unknown | D15: The Mission | E15: Unknown | F15: fixed | G15: The Mission | H15: fixed | I15: The Mission
A16: 635 | B16: series | C16: wrong number | D16: 6 | E16: The Works [4] | F16: MISSED | H16: flagged, other value | I16: Project Gutenberg eBook [9594]
A17: 636 | B17: authors | C17: surname first | D17: Sydney Smith | E17: Smith Sydney | F17: ignored (by design) | H17: ignored (by design)
A18: 642 | B18: authors | C18: typo | D18: John Franklin | E18: John Franlkin | F18: fixed | G18: John Franklin | H18: fixed | I18: John Franklin
A19: 671 | B19: authors | C19: surname first | D19: John Foxe | E19: Foxe John | F19: ignored (by design) | H19: ignored (by design)
A20: 695 | B20: authors | C20: surname first | D20: William Black | E20: Black William | F20: ignored (by design) | H20: ignored (by design)
A21: 696 | B21: authors | C21: other book | D21: Charles Lever | E21: Duke of Arthur Wellesley Wellington | F21: fixed | G21: Charles Lever | H21: fixed | I21: Charles Lever
A22: 697 | B22: authors | C22: surname first | D22: Maude Alma | E22: Alma Maude | F22: ignored (by design) | H22: ignored (by design)
A23: 726 | B23: title | C23: unknown | D23: Riches have wings; or, A tale for the rich and poor | E23: Unknown | F23: fixed | G23: Riches have wings; or, A tale for the rich and poor | H23: fixed | I23: Riches have wings; or, A tale for the rich and poor
A24: 734 | B24: title | C24: all caps | D24: Gaut Gurley; Or, the Trappers of Umbagog: A Tale of Border Life | E24: GAUT GURLEY; OR, THE TRAPPERS OF UMBAGOG: A TALE OF BORDER LIFE | F24: ignored (by design) | H24: ignored (by design)
A25: 746 | B25: authors | C25: other book | D25: Jr. Horatio Alger | E25: George Augustus Sala | F25: fixed | G25: Horatio Alger Jr. | H25: fixed | I25: Horatio Alger, Jr.
A26: 753 | B26: title | C26: typo | D26: Some Private Views | E26: Som Private Views | F26: fixed | G26: Some Private Views | H26: fixed | I26: Some Private Views
A27: 777 | B27: title | C27: all caps | D27: Equality | E27: EQUALITY | F27: ignored (by design) | H27: ignored (by design)
A28: 793 | B28: series | C28: number matches the title | D28: 5 | E28: The Works [5] | F28: correct, nothing proposed | H28: correct, nothing proposed
A29: 800 | B29: title | C29: truncated | D29: Monsieur de Camors — Complete | E29: Monsieur de | F29: fixed | G29: Monsieur de Camors — Complete | H29: fixed | I29: Monsieur de Camors — Complete
A30: 810 | B30: title | C30: unknown | D30: Evenings at Donaldson Manor; Or, The Christmas Guest | E30: Unknown | F30: fixed | G30: Evenings at Donaldson Manor; Or, The Christmas Guest | H30: fixed | I30: Evenings at Donaldson Manor; Or, The Christmas Guest
A31: 818 | B31: authors | C31: other book | D31: Aaron Burr | E31: Madeline Leslie & A. R. Baker | F31: fixed | G31: Aaron Burr | H31: flagged, other value | I31: Matthew L. Davis
A32: 820 | B32: title | C32: all caps | D32: The Poems of Richard Corbet, late bishop of Oxford and of Norwich / 4th edition | E32: THE POEMS OF RICHARD CORBET, LATE BISHOP OF OXFORD AND OF NORWICH / 4TH EDITION | F32: flagged, other value | G32: The Poems of Richard Corbet | H32: flagged, other value | I32: The Poems of Richard Corbet, late bishop of Oxford and of Norwich
A33: 829 | B33: title | C33: typo | D33: The History and Remarkable Life of the Truly Honourable Colonel Jacque, Commonly Called Colonel Jack | E33: The History and Remarkable Life of the Truly Honourable Colonel Jacque, Commonly Called Colonl Jack | F33: fixed | G33: The History and Remarkable Life of the Truly Honourable Colonel Jacque, Commonly Called Colonel Jack | H33: fixed | I33: The History and Remarkable Life of the Truly Honourable Colonel Jacque, Commonly Called Colonel Jack
A34: 834 | B34: series | C34: not a numbered series | E34: The Works [1] | F34: ignored (by design) | H34: ignored (by design)
A35: 877 | B35: title | C35: truncated | D35: The sacred theory of the Earth, Volume 1 (of 2) | E35: The sacred theory of the | F35: flagged, other value | G35: The Sacred Theory of the Earth | H35: fixed | I35: The sacred theory of the Earth, Volume 1 (of 2)
A36: 882 | B36: authors | C36: surname first | D36: W. Hamilton Gibson | E36: Gibson W. Hamilton | F36: ignored (by design) | H36: ignored (by design)
A37: 894 | B37: title | C37: other book | D37: In Trust: The Story of a Lady and Her Lover | E37: The Percheron horse | F37: fixed | G37: In Trust: The Story of a Lady and Her Lover | H37: fixed | I37: In Trust: The Story of a Lady and Her Lover
A38: 898 | B38: authors | C38: typo | D38: Frederick Marryat | E38: Frederickk Marryat | F38: fixed | G38: Frederick Marryat | H38: fixed | I38: Frederick Marryat
A39: 899 | B39: series | C39: wrong number | D39: 6 | E39: The Works [3] | F39: MISSED | H39: MISSED
A40: 912 | B40: authors | C40: typo | D40: Hugh Blair Grigsby | E40: Hugh Blar Grigsby | F40: fixed | G40: Hugh Blair Grigsby | H40: fixed | I40: Hugh Blair Grigsby
A41: 945 | B41: title | C41: typo | D41: Ten Years Among the Mail Bags / Or, Notes from the Diary of a Special Agent of the Post-Office Department | E41: TTen Years Among the Mail Bags / Or, Notes from the Diary of a Special Agent of the Post-Office Department | F41: flagged, other value | G41: Ten Years Among the Mail Bags | H41: flagged, other value | I41: Ten Years Among the Mail Bags
A42: 989 | B42: title | C42: unknown | D42: Courtship of Miles Standish / Minnehaha Edition | E42: Unknown | F42: flagged, other value | G42: Courtship of Miles Standish | H42: flagged, other value | I42: Courtship of Miles Standish
A43: 1000 | B43: authors | C43: other book | D43: John Henry Newman | E43: Hugh Blair Grigsby | F43: fixed | G43: John Henry Newman | H43: fixed | I43: John Henry Newman
A44: 1007 | B44: title | C44: truncated | D44: The Ingoldsby Legends; or, Mirth and Marvels | E44: The Ingoldsby Legends; | F44: fixed | G44: The Ingoldsby Legends; or, Mirth and Marvels | H44: fixed | I44: The Ingoldsby Legends; or, Mirth and Marvels
A45: 1026 | B45: title | C45: all caps | D45: Hetty's Strange History | E45: HETTY'S STRANGE HISTORY | F45: ignored (by design) | H45: ignored (by design)
A46: 1050 | B46: authors | C46: other book | D46: Torbern Bergman | E46: John Dryden | F46: flagged, other value | G46: William Withering | H46: fixed | I46: Torbern Bergman
A47: 538 | B47: cover | C47: swapped | D47: its own cover | E47: cover of book 980: The Fourth Book of Virgil's Aeneid and the Ninth Book of Voltaire's Henriad | F47: FALSE ALARM | G47: title 'Monsieur de Camors — Complete' -> 'Monsieur de Camors' | H47: ok, nothing proposed
A48: 572 | B48: cover | C48: swapped | D48: its own cover | E48: cover of book 995: A Sicilian Romance | F48: FALSE ALARM | G48: title 'The Mysterious Key and What It Opened' -> 'A Sicilian Romance'; authors 'Louisa May Alcott' -> 'Ann Ward Radcliffe' | H48: ok, nothing proposed
A49: 630 | B49: cover | C49: swapped | D49: its own cover | E49: cover of book 610: A sermon preach'd before the Right Honourable the Lord-Mayor : the aldermen and citizens of London / at the Cathedral-Church of St. Paul on Monday the 30th of Jan. 1709/10 being the anniversary fast for the Martyrdom of King Charles | F49: metadata also wrong | G49: title 'Home Life in Russia, Volumess 1 and 2 / [Dead Souls]' -> 'Home Life in Russia'; authors 'Nikolai Vasilevich Gogol' -> 'Nikolai Gogol' | H49: metadata also wrong | I49: title 'Home Life in Russia, Volumess 1 and 2 / [Dead Souls]' -> 'Home Life in Russia, Volumes 1 and 2'
A50: 695 | B50: cover | C50: deleted | D50: its own cover | E50: none | F50: metadata also wrong | H50: metadata also wrong
A51: 711 | B51: cover | C51: swapped | D51: its own cover | E51: cover of book 567: Woman, Church & State / The Original Exposé of Male Collaboration Against the Female Sex | F51: ok, nothing proposed | H51: ok, nothing proposed
A52: 726 | B52: cover | C52: swapped | D52: its own cover | E52: cover of book 791: Memoirs of Margaret Fuller Ossoli, Volume I | F52: metadata also wrong | G52: title 'Unknown' -> 'Riches have wings; or, A tale for the rich and poor' | H52: metadata also wrong | I52: title 'Unknown' -> 'Riches have wings; or, A tale for the rich and poor'
A53: 772 | B53: cover | C53: deleted | D53: its own cover | E53: none | F53: ok, nothing proposed | H53: ok, nothing proposed
A54: 792 | B54: cover | C54: deleted | D54: its own cover | E54: none | F54: ok, nothing proposed | H54: ok, nothing proposed
A55: 800 | B55: cover | C55: deleted | D55: its own cover | E55: none | F55: metadata also wrong | G55: title 'Monsieur de' -> 'Monsieur de Camors — Complete' | H55: metadata also wrong | I55: title 'Monsieur de' -> 'Monsieur de Camors — Complete'
A56: 810 | B56: cover | C56: swapped | D56: its own cover | E56: cover of book 788: Utilitarianism | F56: metadata also wrong | G56: title 'Unknown' -> 'Evenings at Donaldson Manor; Or, The Christmas Guest' | H56: metadata also wrong | I56: title 'Unknown' -> 'Evenings at Donaldson Manor; Or, The Christmas Guest'
A57: 815 | B57: cover | C57: swapped | D57: its own cover | E57: cover of book 647: Three Dialogues Between Hylas and Philonous in Opposition to Sceptics and Atheists | F57: FALSE ALARM | G57: title 'American Historical and Literary Curiosities, Part 14. / Second Series' -> 'American Historical and Literary Curiosities' | H57: FALSE ALARM | I57: title 'American Historical and Literary Curiosities, Part 14. / Second Series' -> 'American Historical and Literary Curiosities, Part 14'; authors 'J. Jay Smith' -> 'John Jay Smith'
A58: 819 | B58: cover | C58: swapped | D58: its own cover | E58: cover of book 938: Mercadet: A Comedy in Three Acts | F58: FALSE ALARM | G58: title 'The Coming Night / A Sermon Preached in Cromer Church, on Friday, June 12, 1857, on occasion of the death of Anna Gurney' -> 'Mercadet: A Comedy in Three Acts'; authors 'Edward Hoare' -> 'Honoré de Balzac' | H58: FALSE ALARM | I58: title 'The Coming Night / A Sermon Preached in Cromer Church, on Friday, June 12, 1857, on occasion of the death of Anna Gurney' -> 'The Coming Night'
A59: 820 | B59: cover | C59: deleted | D59: its own cover | E59: none | F59: metadata also wrong | G59: title 'THE POEMS OF RICHARD CORBET, LATE BISHOP OF OXFORD AND OF NORWICH / 4TH EDITION' -> 'The Poems of Richard Corbet' | H59: metadata also wrong | I59: title 'THE POEMS OF RICHARD CORBET, LATE BISHOP OF OXFORD AND OF NORWICH / 4TH EDITION' -> 'The Poems of Richard Corbet, late bishop of Oxford and of Norwich'
A60: 829 | B60: cover | C60: deleted | D60: its own cover | E60: none | F60: metadata also wrong | G60: title 'The History and Remarkable Life of the Truly Honourable Colonel Jacque, Commonly Called Colonl Jack' -> 'The History and Remarkable Life of the Truly Honourable Colonel Jacque, Commonly Called Colonel Jack' | H60: metadata also wrong | I60: title 'The History and Remarkable Life of the Truly Honourable Colonel Jacque, Commonly Called Colonl Jack' -> 'The History and Remarkable Life of the Truly Honourable Colonel Jacque, Commonly Called Colonel Jack'
A61: 860 | B61: cover | C61: deleted | D61: its own cover | E61: none | F61: ok, nothing proposed | H61: ok, nothing proposed
A62: 865 | B62: cover | C62: deleted | D62: its own cover | E62: none | F62: ok, nothing proposed | H62: ok, nothing proposed
A63: 882 | B63: cover | C63: swapped | D63: its own cover | E63: cover of book 923: Ernest Linwood; or, The Inner Life of the Author | F63: metadata also wrong | H63: metadata also wrong
A64: 912 | B64: cover | C64: deleted | D64: its own cover | E64: none | F64: metadata also wrong | G64: authors 'Hugh Blar Grigsby' -> 'Hugh Blair Grigsby' | H64: metadata also wrong | I64: authors 'Hugh Blar Grigsby' -> 'Hugh Blair Grigsby'
A65: 945 | B65: cover | C65: swapped | D65: its own cover | E65: cover of book 825: The Botanical Magazine, Vol. 04 / Or, Flower-Garden Displayed | F65: metadata also wrong | G65: title 'TTen Years Among the Mail Bags / Or, Notes from the Diary of a Special Agent of the Post-Office Department' -> 'Ten Years Among the Mail Bags' | H65: metadata also wrong | I65: title 'TTen Years Among the Mail Bags / Or, Notes from the Diary of a Special Agent of the Post-Office Department' -> 'Ten Years Among the Mail Bags'
A66: 1030 | B66: cover | C66: deleted | D66: its own cover | E66: none | F66: ok, nothing proposed | H66: ok, nothing proposed
A67: 534 | B67: other | H67: proposal | I67: title 'Lost Sir Massingberd: A Romance of Real Life. v. 2/2' -> 'Lost Sir Massingberd: A Romance of Real Life'
A68: 537 | B68: other | H68: proposal | I68: authors 'Torbern Bergman' -> 'Torbern Bergman & William Withering'
A69: 541 | B69: other | F69: proposal | G69: title 'The Canadian Brothers; Or, The Prophecy Fulfilled: A Tale of the Late American War — Complete' -> 'The Canadian Brothers; Or, The Prophecy Fulfilled: A Tale of the Late American War'
A70: 542 | B70: other | F70: proposal | G70: title 'My Neighbor Raymond (Novels of Paul de Kock Volume XI)' -> 'My Neighbor Raymond' | H70: proposal | I70: title 'My Neighbor Raymond (Novels of Paul de Kock Volume XI)' -> 'My Neighbor Raymond'
A71: 546 | B71: other | F71: proposal | G71: title 'Franklin\'s Way to Wealth; or, "Poor Richard Improved"' -> 'The Way to Wealth'
A72: 548 | B72: other | F72: proposal | G72: title 'The Natural History of Pliny, Volume 4 (of 6)' -> 'The Natural History of Pliny'
A73: 552 | B73: other | F73: proposal | G73: title 'American Historical and Literary Curiosities, Part 14. / Second Series' -> 'American Historical and Literary Curiosities, Part 14' | H73: proposal | I73: title 'American Historical and Literary Curiosities, Part 14. / Second Series' -> 'American Historical and Literary Curiosities, Part 14.'
A74: 553 | B74: other | F74: proposal | G74: title 'A tour through North America' -> 'A tour through North America; together with a comprehensive view of the Canadas and United States, as adapted for agricultural emigration'
A75: 554 | B75: other | F75: proposal | G75: title 'Within the Maze: A Novel, Vol. 1 (of 2)' -> 'Within the Maze'
A76: 555 | B76: other | F76: proposal | G76: title 'The Poems of Richard Corbet, late bishop of Oxford and of Norwich / 4th edition' -> 'The Poems of Richard Corbet' | H76: proposal | I76: title 'The Poems of Richard Corbet, late bishop of Oxford and of Norwich / 4th edition' -> 'The Poems of Richard Corbet, late bishop of Oxford and of Norwich'
A77: 557 | B77: other | F77: proposal | G77: title 'Ophiolatreia / An Account of the Rites and Mysteries Connected with the Origin, Rise, and Development of Serpent Worship in Various Parts of the World' -> 'Ophiolatreia' | H77: proposal | I77: title 'Ophiolatreia / An Account of the Rites and Mysteries Connected with the Origin, Rise, and Development of Serpent Worship in Various Parts of the World' -> 'Ophiolatreia, or Serpent Worship'
A78: 558 | B78: other | F78: proposal | G78: title 'An Account of the Abipones, an Equestrian People of Paraguay, (1 of 3)' -> 'An Account of the Abipones, an Equestrian People of Paraguay'
A79: 560 | B79: other | F79: proposal | G79: title 'The Master of Aberfeldie, Volume 1 (of 3)' -> 'The Master of Aberfeldie'
A80: 561 | B80: other | F80: proposal | G80: title 'The Antiquary — Complete' -> 'The Antiquary'
A81: 562 | B81: other | F81: proposal | G81: title 'The Botanical Magazine, Vol. 04 / Or, Flower-Garden Displayed' -> 'The Botanical Magazine, Vol. 04' | H81: proposal | I81: title 'The Botanical Magazine, Vol. 04 / Or, Flower-Garden Displayed' -> 'The Botanical Magazine, Vol. 04'
A82: 564 | B82: other | F82: proposal | G82: title 'The Coming Night / A Sermon Preached in Cromer Church, on Friday, June 12, 1857, on occasion of the death of Anna Gurney' -> 'The Coming Night' | H82: proposal | I82: title 'The Coming Night / A Sermon Preached in Cromer Church, on Friday, June 12, 1857, on occasion of the death of Anna Gurney' -> 'The Coming Night'
A83: 567 | B83: other | F83: proposal | G83: title 'Woman, Church & State / The Original Exposé of Male Collaboration Against the Female Sex' -> 'Woman, Church & State' | H83: proposal | I83: title 'Woman, Church & State / The Original Exposé of Male Collaboration Against the Female Sex' -> 'Woman, Church & State'
A84: 571 | B84: other | F84: proposal | G84: title '"Nothing Between" / The Special Doctrines Vindicated at the Reformation as Bearing upon the Spiritual Life of the Church' -> 'Nothing Between' | H84: proposal | I84: title '"Nothing Between" / The Special Doctrines Vindicated at the Reformation as Bearing upon the Spiritual Life of the Church' -> 'Nothing Between'
A85: 573 | B85: other | F85: proposal | G85: title 'The Hampstead mystery: a novel. Volume 1 (of 3)' -> 'The Hampstead Mystery'
A86: 576 | B86: other | F86: proposal | G86: title 'Historical record of the Twenty-second, or the Cheshire Regiment of Foot / containing an account of the formation of the regiment in 1689, and of its subsequent services to 1849' -> 'Historical Record of the Twenty-second, or the Cheshire Regiment of Foot' | H86: proposal | I86: title 'Historical record of the Twenty-second, or the Cheshire Regiment of Foot / containing an account of the formation of the regiment in 1689, and of its subsequent services to 1849' -> 'Historical record of the Twenty-second, or the Cheshire Regiment of Foot'
A87: 580 | B87: other | F87: proposal | G87: title 'The House of the Wolfings / A Tale of the House of the Wolfings and All the Kindreds of the Mark Written in Prose and in Verse' -> 'The House of the Wolfings' | H87: proposal | I87: title 'The House of the Wolfings / A Tale of the House of the Wolfings and All the Kindreds of the Mark Written in Prose and in Verse' -> 'The House of the Wolfings'
A88: 583 | B88: other | F88: proposal | G88: title 'The Loss of the Kent, East Indiaman, in the Bay of Biscay / Narrated in a Letter to a Friend' -> 'The Loss of the Kent, East Indiaman, in the Bay of Biscay' | H88: proposal | I88: title 'The Loss of the Kent, East Indiaman, in the Bay of Biscay / Narrated in a Letter to a Friend' -> 'The Loss of the Kent, East Indiaman, in the Bay of Biscay'
A89: 584 | B89: other | F89: proposal | G89: title 'The Life of Abraham Lincoln, from His Birth to His Inauguration as President' -> 'The Life of Abraham Lincoln'; authors 'Ward Hill Lamon' -> 'Ward H. Lamon'
A90: 586 | B90: other | F90: proposal | G90: title 'The government class book / Designed for the instruction of youth in the principles of constitutional government and the rights and duties of citizens.' -> 'The government class book' | H90: proposal | I90: title 'The government class book / Designed for the instruction of youth in the principles of constitutional government and the rights and duties of citizens.' -> 'The government class book'
A91: 588 | B91: other | F91: proposal | G91: title 'Plato and the Other Companions of Sokrates, 3rd ed. Volume 2' -> 'Plato and the Other Companions of Sokrates'
A92: 589 | B92: other | F92: proposal | G92: authors 'Baron Edward Bulwer Lytton Lytton' -> 'Baron Edward Bulwer Lytton'
A93: 590 | B93: other | F93: proposal | G93: title 'Love in the Suds: a Town Eclogue. / Being the Lamentation of Roscius for the Loss of His Nyky.' -> 'Love in the Suds: a Town Eclogue' | H93: proposal | I93: title 'Love in the Suds: a Town Eclogue. / Being the Lamentation of Roscius for the Loss of His Nyky.' -> 'Love in the Suds: a Town Eclogue.'
A94: 595 | B94: other | F94: proposal | G94: title 'The Witchcraft Delusion in New England: Its Rise, Progress, and Termination, (Vol. 1 of 3)' -> 'The Witchcraft Delusion in New England: Its Rise, Progress, and Termination' | H94: proposal | I94: title 'The Witchcraft Delusion in New England: Its Rise, Progress, and Termination, (Vol. 1 of 3)' -> 'The Witchcraft Delusion in New England: Its Rise, Progress, and Termination'
A95: 596 | B95: other | F95: proposal | G95: title 'An Etymological Dictionary of the Scottish Language / in which the words are explained in their different senses, authorized by the names of the writers by whom they are used, or the titles of the works in which they occur, and deduced from their originals' -> 'An Etymological Dictionary of the Scottish Language' | H95: proposal | I95: title 'An Etymological Dictionary of the Scottish Language / in which the words are explained in their different senses, authorized by the names of the writers by whom they are used, or the titles of the works in which they occur, and deduced from their originals' -> 'An Etymological Dictionary of the Scottish Language'
A96: 600 | B96: other | F96: proposal | G96: title 'Carols of Cockayne / The Third Edition, 1874' -> 'Carols of Cockayne' | H96: proposal | I96: title 'Carols of Cockayne / The Third Edition, 1874' -> 'Carols of Cockayne'
A97: 603 | B97: other | F97: proposal | G97: title 'The Happy Prince, and Other Tales' -> 'The Happy Prince'
A98: 604 | B98: other | H98: proposal | I98: title 'The heiress of McGregor' -> 'The heiress of McGregor; or, Living for self'
A99: 606 | B99: other | F99: proposal | G99: title 'Pictures by Gavarni' -> 'Humorous Masterpieces: Pictures by Gavarni'
A100: 607 | B100: other | F100: proposal | G100: title 'The Squatter and the Don / A Novel Descriptive of Contemporary Occurrences in California' -> 'The Squatter and the Don' | H100: proposal | I100: title 'The Squatter and the Don / A Novel Descriptive of Contemporary Occurrences in California' -> 'The Squatter and the Don'
...

Sheet Script
A1: Line | B1: loc-test_run_metrics.py
A2: 1 | B2: """Performance metrics of the Metadata Review runs on loc-test, from the review's performance log.
A3: 2
A4: 3 | B4: For each review run over loc-test (a run whose book count equals loc-test's): the AI models,
A5: 4 | B5: wall-clock duration, books done, AI calls by outcome (ok / error / too_long / ...), the time
A6: 5 | B6: per call (min, median, mean, p95, max), the slowest and fastest calls with their book, and
A7: 6 | B7: the tokens. With two or more runs, a side-by-side table closes the report.
A8: 7
A9: 8 | B9: C:\\Github\\CalibreDedup\\.venv\\Scripts\\python.exe C:\\Calibre\\loc-test_run_metrics.py [--last N]
A10: 9
A11: 10 | B11: Default: the last 2 runs. The perf log gives a book only as its number in the run; books are
A12: 11 | B12: read in id order (library.read_books) and loc-test has no AIReviewed tag, so number n is the
A13: 12 | B13: n-th book id of loc-test/metadata.db. Nothing is written to the library; one row per run goes
A14: 13 | B14: to loc-test_run_metrics.csv beside this script.
A15: 14 | B15: """
A16: 15 | B16: import csv
A17: 16 | B17: import json
A18: 17 | B18: import sqlite3
A19: 18 | B19: import statistics
A20: 19 | B20: import sys
A21: 20 | B21: from pathlib import Path
A22: 21
A23: 22 | B23: HERE = Path(__file__).resolve().parent
A24: 23 | B24: LIBRARY = HERE / "loc-test"
A25: 24 | B25: REPORT = HERE / "loc-test_run_metrics.csv"
A26: 25 | B26: PERF = Path.home() / ".CalibreDedup" / "calibre_review_perf.log"
A27: 26 | B27: TOP = 5
A28: 27
A29: 28
A30: 29 | B30: def events() -> list[dict]:
A31: 30 | B31: """Every event of the perf log, rotated files included, oldest first."""
A32: 31 | B32: files = sorted(PERF.parent.glob(PERF.name + ".*"), key=lambda p: -int(p.suffix[1:])) + [PERF]
A33: 32 | B33: out = []
A34: 33 | B34: for f in files:
A35: 34 | B35: if f.is_file():
A36: 35 | B36: with f.open(encoding="utf-8") as fh:
A37: 36 | B37: out += [json.loads(line) for line in fh if line.strip()]
A38: 37 | B38: return out
A39: 38
A40: 39
A41: 40 | B41: def library_books() -> list[tuple[int, str]]:
A42: 41 | B42: db = sqlite3.connect(LIBRARY.joinpath("metadata.db").resolve().as_uri() + "?mode=ro", uri=True)
A43: 42 | B43: try:
A44: 43 | B44: return db.execute("SELECT id, title FROM books ORDER BY id").fetchall()
A45: 44 | B45: finally:
A46: 45 | B46: db.close()
A47: 46
A48: 47
A49: 48 | B49: def runs(evts: list[dict], books: int) -> list[dict]:
A50: 49 | B50: """The review runs over `books` books: start, calls and end (None if the run never ended)."""
A51: 50 | B51: found, current = [], None
A52: 51 | B52: for e in evts:
A53: 52 | B53: if e["event"] == "run_start":
A54: 53 | B54: current = {"start": e, "calls": [], "end": None} if e.get("program") == "review" else None
A55: 54 | B55: if current is not None and e["books"] == books:
A56: 55 | B56: found.append(current)
A57: 56 | B57: elif current is not None and e["event"] == "call" and e.get("book") is not None:
A58: 57 | B58: current["calls"].append(e)
A59: 58 | B59: elif current is not None and e["event"] == "run_end":
A60: 59 | B60: current["end"] = e
... A62: 61 | B62: return found
A63: 62
A64: 63
A65: 64 | B65: def ai_name(d: dict | None) -> str:
A66: 65 | B66: return f"{d['provider']}:{d['model']}" if d else "none"
A67: 66
A68: 67
A69: 68 | B69: def pct(values: list[float], p: float) -> float:
A70: 69 | B70: s = sorted(values)
A71: 70 | B71: return s[min(len(s) - 1, int(round(p * (len(s) - 1))))]
A72: 71
A73: 72
A74: 73 | B74: def summarize(run: dict, books: list[tuple[int, str]]) -> dict:
A75: 74 | B75: start, end, calls = run["start"], run["end"], run["calls"]
A76: 75 | B76: secs = [c["seconds"] for c in calls]
A77: 76 | B77: outcomes: dict[str, int] = {}
A78: 77 | B78: for c in calls:
A79: 78 | B79: outcomes[c["outcome"]] = outcomes.get(c["outcome"], 0) + 1
A80: 79 | B80: return {
A81: 80 | B81: "started": start["ts"],
A82: 81 | B82: "text_ai": ai_name(start.get("text_ai")),
A83: 82 | B83: "image_ai": ai_name(start.get("image_ai")),
A84: 83 | B84: "books": start["books"],
A85: 84 | B85: "books_done": end["books_done"] if end else "?",
... A103: 102 | B103: }
A104: 103
A105: 104
A106: 105 | B106: def book_label(n: int, books: list[tuple[int, str]]) -> str:
A107: 106 | B107: if 1 <= n <= len(books):
A108: 107 | B108: i, title = books[n - 1]
A109: 108 | B109: return f"#{i} {title[:60]}"
A110: 109 | B110: return f"book {n} (?)"
A111: 110
A112: 111
A113: 112 | B113: def call_line(c: dict, books: list[tuple[int, str]]) -> str:
A114: 113 | B114: extra = f", {c['images']} img" if c.get("images") else ""
A115: 114 | B115: tokens = f", {c.get('input_tokens')}->{c.get('output_tokens')} tok" if c.get("input_tokens") else ""
A116: 115 | B116: return (f"{c['seconds']:>8.2f}s {c['outcome']:<8} {c.get('text_chars', 0):>6} chars{extra}{tokens} "
A117: 116 | B117: f"{book_label(c['book'], books)}")
A118: 117
...
